{
    "cams": [{
        "vals": [0.712458, -0.462458, 0.712458],
        "rots": [0, 0]
    }]
}